Id,Submission Time,Vote Number,Question Id,Message,Image,Tag
1,1493398154,4,1,You need to use brackets: my_list = [],,
2,1493088154,35,1,Look it up in the Python docs,,
9,1609280957,0,1,haha,,
10,1609332206,0,2,test1,,
11,1609332215,0,2,333,,
12,1609348766,0,3,222,,
13,1609348772,0,3,111111,,
14,1609367689,0,2,Maybe this !,,
15,1609413219,0,1,whatever no pic,,
16,1609413664,0,1,Whatever with pic,ditu-china.png,
17,1609413834,0,1,test,up-arrow-4.png,
18,1609414107,0,1,new test,down-arrow-4.png,
19,1609421412,2,5,Tekst komentarza,delete_answer.png,Existentional
20,1609421988,0,4,"Sure, stay home!",archived_question.png,
21,1609493265,3,5,test test test,,Animal
1,1596314217,221,1,In congue. Etiam justo. Etiam pretium iaculis justo. In hac habitasse platea dictumst. Etiam faucibus cursus urna. Ut tellus. Nulla ut erat id mauris vulputate elementum. Nullam varius. Nulla facilisi. Cras non velit nec nisi vulputate nonummy. Maecenas tincidunt lacus at velit. Vivamus vel nulla eget eros elementum pellentesque. Quisque porta volutpat erat. Quisque erat eros, viverra eget,
2,1600783729,372,38,Etiam faucibus cursus urna. Ut tellus. Nulla ut erat id mauris vulputate elementum. Nullam varius. Nulla facilisi. Cras non velit nec nisi vulputate nonummy. Maecenas tincidunt lacus at velit. Vivamus vel nulla eget eros elementum pellentesque. Quisque porta volutpat erat. Quisque erat eros, viverra eget,
3,1586464295,361,15,Maecenas leo odio, condimentum id,
4,1557320658,138,8,Vestibulum ante ipsum primis in faucibus orci luctus et ultrices posuere cubilia Curae; Duis faucibus accumsan odio. Curabitur convallis.,,
5,1544659655,40,43,Quisque porta volutpat erat. Quisque erat eros, viverra eget,
6,1605012434,200,43,Quisque id justo sit amet sapien dignissim vestibulum. Vestibulum ante ipsum primis in faucibus orci luctus et ultrices posuere cubilia Curae; Nulla dapibus dolor vel est. Donec odio justo, sollicitudin ut,
7,1571837839,79,39,Vestibulum quam sapien, varius ut,
8,1579612788,238,22,Vivamus metus arcu, adipiscing molestie,
9,1533874154,75,24,Morbi porttitor lorem id ligula. Suspendisse ornare consequat lectus. In est risus, auctor sed,
10,1595760726,59,39,Nulla tempus. Vivamus in felis eu sapien cursus vestibulum. Proin eu mi. Nulla ac enim. In tempor, turpis nec euismod scelerisque,
11,1587694378,205,8,Duis consequat dui nec nisi volutpat eleifend. Donec ut dolor. Morbi vel lectus in quam fringilla rhoncus. Mauris enim leo, rhoncus sed,
12,1563009445,271,9,Morbi non quam nec dui luctus rutrum. Nulla tellus. In sagittis dui vel nisl. Duis ac nibh. Fusce lacus purus, aliquet at,
13,1586462610,163,23,Integer a nibh. In quis justo. Maecenas rhoncus aliquam lacus. Morbi quis tortor id nulla ultrices aliquet. Maecenas leo odio, condimentum id,
14,1588043201,95,23,Integer a nibh. In quis justo. Maecenas rhoncus aliquam lacus. Morbi quis tortor id nulla ultrices aliquet.,,
15,1604383020,20,46,Praesent blandit. Nam nulla. Integer pede justo, lacinia eget,
16,1538505822,14,41,Aenean lectus. Pellentesque eget nunc. Donec quis orci eget orci vehicula condimentum. Curabitur in libero ut massa volutpat convallis. Morbi odio odio, elementum eu,
17,1541749735,51,48,Aliquam non mauris. Morbi non lectus. Aliquam sit amet diam in magna bibendum imperdiet. Nullam orci pede, venenatis non,
18,1572619811,233,27,Maecenas tincidunt lacus at velit. Vivamus vel nulla eget eros elementum pellentesque. Quisque porta volutpat erat. Quisque erat eros, viverra eget,
19,1572092380,50,49,Aliquam quis turpis eget elit sodales scelerisque. Mauris sit amet eros. Suspendisse accumsan tortor quis turpis. Sed ante. Vivamus tortor. Duis mattis egestas metus. Aenean fermentum. Donec ut mauris eget massa tempor convallis. Nulla neque libero, convallis eget,
20,1579119840,21,20,Nulla mollis molestie lorem. Quisque ut erat. Curabitur gravida nisi at nibh. In hac habitasse platea dictumst. Aliquam augue quam, sollicitudin vitae,
21,1606216945,345,16,Ut tellus. Nulla ut erat id mauris vulputate elementum. Nullam varius. Nulla facilisi. Cras non velit nec nisi vulputate nonummy. Maecenas tincidunt lacus at velit. Vivamus vel nulla eget eros elementum pellentesque. Quisque porta volutpat erat. Quisque erat eros, viverra eget,
22,1559099333,151,50,Vivamus in felis eu sapien cursus vestibulum. Proin eu mi. Nulla ac enim. In tempor, turpis nec euismod scelerisque,
24,1572046011,17,27,Nunc rhoncus dui vel sem. Sed sagittis. Nam congue, risus semper porta volutpat,
25,1602537545,160,18,Morbi non quam nec dui luctus rutrum. Nulla tellus.,,
26,1548339082,312,42,Nunc rhoncus dui vel sem. Sed sagittis. Nam congue, risus semper porta volutpat,
27,1565231056,319,43,Praesent lectus. Vestibulum quam sapien, varius ut,
28,1566430905,20,44,Integer non velit. Donec diam neque, vestibulum eget,
29,1609086806,225,41,Suspendisse potenti. Cras in purus eu magna vulputate luctus. Cum sociis natoque penatibus et magnis dis parturient montes, nascetur ridiculus mus. Vivamus vestibulum sagittis sapien. Cum sociis natoque penatibus et magnis dis parturient montes,
30,1596993453,175,22,Fusce consequat. Nulla nisl. Nunc nisl. Duis bibendum, felis sed interdum venenatis,
31,1556512572,278,12,Fusce consequat. Nulla nisl. Nunc nisl. Duis bibendum, felis sed interdum venenatis,
33,1538473011,78,24,Nulla justo. Aliquam quis turpis eget elit sodales scelerisque. Mauris sit amet eros. Suspendisse accumsan tortor quis turpis.,,
34,1590582803,222,25,Proin interdum mauris non ligula pellentesque ultrices. Phasellus id sapien in sapien iaculis congue. Vivamus metus arcu, adipiscing molestie,
35,1590561354,224,29,Morbi vestibulum, velit id pretium iaculis,
36,1602537011,89,11,Maecenas pulvinar lobortis est. Phasellus sit amet erat. Nulla tempus. Vivamus in felis eu sapien cursus vestibulum. Proin eu mi. Nulla ac enim.,,
37,1606193934,357,33,Morbi a ipsum. Integer a nibh. In quis justo. Maecenas rhoncus aliquam lacus. Morbi quis tortor id nulla ultrices aliquet. Maecenas leo odio, condimentum id,
38,1552884990,117,44,Nulla mollis molestie lorem. Quisque ut erat. Curabitur gravida nisi at nibh. In hac habitasse platea dictumst. Aliquam augue quam, sollicitudin vitae,
39,1577453219,381,11,Morbi vel lectus in quam fringilla rhoncus. Mauris enim leo, rhoncus sed,
40,1601043998,225,20,Pellentesque eget nunc. Donec quis orci eget orci vehicula condimentum. Curabitur in libero ut massa volutpat convallis. Morbi odio odio, elementum eu,
41,1547833027,137,31,Nunc nisl. Duis bibendum, felis sed interdum venenatis,
42,1604727480,172,45,Sed vel enim sit amet nunc viverra dapibus. Nulla suscipit ligula in lacus. Curabitur at ipsum ac tellus semper interdum. Mauris ullamcorper purus sit amet nulla.,,
43,1566169998,72,1,Donec posuere metus vitae ipsum. Aliquam non mauris. Morbi non lectus. Aliquam sit amet diam in magna bibendum imperdiet.,,
44,1588571528,196,17,Nunc nisl. Duis bibendum, felis sed interdum venenatis,
45,1599179922,175,43,Morbi quis tortor id nulla ultrices aliquet. Maecenas leo odio, condimentum id,
46,1606400294,387,5,Vivamus vel nulla eget eros elementum pellentesque. Quisque porta volutpat erat. Quisque erat eros, viverra eget,
47,1567547927,269,9,Duis consequat dui nec nisi volutpat eleifend. Donec ut dolor. Morbi vel lectus in quam fringilla rhoncus. Mauris enim leo, rhoncus sed,
48,1579611535,55,16,Vivamus tortor. Duis mattis egestas metus. Aenean fermentum. Donec ut mauris eget massa tempor convallis. Nulla neque libero, convallis eget,
49,1569380492,101,33,In hac habitasse platea dictumst. Maecenas ut massa quis augue luctus tincidunt. Nulla mollis molestie lorem. Quisque ut erat. Curabitur gravida nisi at nibh. In hac habitasse platea dictumst. Aliquam augue quam, sollicitudin vitae,
50,1538093045,301,2,Aenean auctor gravida sem. Praesent id massa id nisl venenatis lacinia. Aenean sit amet justo. Morbi ut odio. Cras mi pede, malesuada in,
51,1537336206,41,23,Sed ante. Vivamus tortor. Duis mattis egestas metus. Aenean fermentum. Donec ut mauris eget massa tempor convallis. Nulla neque libero, convallis eget,
52,1573588973,386,38,Aliquam sit amet diam in magna bibendum imperdiet. Nullam orci pede, venenatis non,
53,1543056647,234,4,Vestibulum ante ipsum primis in faucibus orci luctus et ultrices posuere cubilia Curae; Donec pharetra, magna vestibulum aliquet ultrices,
54,1559363263,347,46,Nulla ac enim. In tempor, turpis nec euismod scelerisque,
55,1547673291,108,41,Sed accumsan felis. Ut at dolor quis odio consequat varius. Integer ac leo. Pellentesque ultrices mattis odio. Donec vitae nisi. Nam ultrices, libero non mattis pulvinar,
56,1607236516,333,20,In sagittis dui vel nisl. Duis ac nibh. Fusce lacus purus, aliquet at,
57,1581024454,310,40,Pellentesque ultrices mattis odio. Donec vitae nisi. Nam ultrices, libero non mattis pulvinar,
58,1587441061,345,43,Maecenas tristique, est et tempus semper,
59,1598765300,294,3,In congue. Etiam justo. Etiam pretium iaculis justo. In hac habitasse platea dictumst. Etiam faucibus cursus urna. Ut tellus. Nulla ut erat id mauris vulputate elementum. Nullam varius. Nulla facilisi.,,
60,1549969591,163,9,Duis bibendum. Morbi non quam nec dui luctus rutrum. Nulla tellus. In sagittis dui vel nisl. Duis ac nibh. Fusce lacus purus, aliquet at,
62,1572903079,49,47,Cum sociis natoque penatibus et magnis dis parturient montes, nascetur ridiculus mus. Etiam vel augue. Vestibulum rutrum rutrum neque. Aenean auctor gravida sem. Praesent id massa id nisl venenatis lacinia. Aenean sit amet justo. Morbi ut odio. Cras mi pede,
63,1541480628,241,26,Pellentesque viverra pede ac diam. Cras pellentesque volutpat dui. Maecenas tristique, est et tempus semper,
64,1577826007,175,8,Nunc rhoncus dui vel sem. Sed sagittis. Nam congue, risus semper porta volutpat,
65,1588648096,38,47,Donec semper sapien a libero. Nam dui. Proin leo odio, porttitor id,
66,1548940228,44,46,Aliquam non mauris. Morbi non lectus. Aliquam sit amet diam in magna bibendum imperdiet. Nullam orci pede, venenatis non,
67,1545628356,350,32,Curabitur in libero ut massa volutpat convallis. Morbi odio odio, elementum eu,
68,1535090959,211,48,Nullam orci pede, venenatis non,
69,1565099376,242,5,Cras in purus eu magna vulputate luctus. Cum sociis natoque penatibus et magnis dis parturient montes, nascetur ridiculus mus. Vivamus vestibulum sagittis sapien. Cum sociis natoque penatibus et magnis dis parturient montes,
70,1585767210,266,21,In hac habitasse platea dictumst. Aliquam augue quam, sollicitudin vitae,
71,1571869640,309,49,Nam dui. Proin leo odio, porttitor id,
72,1567217541,309,2,Aliquam quis turpis eget elit sodales scelerisque. Mauris sit amet eros. Suspendisse accumsan tortor quis turpis. Sed ante. Vivamus tortor. Duis mattis egestas metus. Aenean fermentum. Donec ut mauris eget massa tempor convallis. Nulla neque libero, convallis eget,
73,1555088056,73,39,Sed sagittis. Nam congue, risus semper porta volutpat,
74,1550103456,93,13,Phasellus sit amet erat. Nulla tempus. Vivamus in felis eu sapien cursus vestibulum. Proin eu mi. Nulla ac enim. In tempor, turpis nec euismod scelerisque,
75,1549588065,155,43,Integer aliquet, massa id lobortis convallis,
76,1540987908,215,7,Quisque ut erat. Curabitur gravida nisi at nibh. In hac habitasse platea dictumst. Aliquam augue quam, sollicitudin vitae,
77,1596390828,239,17,Lorem ipsum dolor sit amet, consectetuer adipiscing elit. Proin risus. Praesent lectus. Vestibulum quam sapien,
78,1576472989,37,35,Ut tellus. Nulla ut erat id mauris vulputate elementum.,,
79,1534774104,342,26,Proin risus. Praesent lectus. Vestibulum quam sapien, varius ut,
80,1596498398,143,33,Nullam molestie nibh in lectus. Pellentesque at nulla. Suspendisse potenti. Cras in purus eu magna vulputate luctus. Cum sociis natoque penatibus et magnis dis parturient montes, nascetur ridiculus mus. Vivamus vestibulum sagittis sapien. Cum sociis natoque penatibus et magnis dis parturient montes,
81,1588507249,87,29,Suspendisse potenti. In eleifend quam a odio. In hac habitasse platea dictumst. Maecenas ut massa quis augue luctus tincidunt. Nulla mollis molestie lorem. Quisque ut erat. Curabitur gravida nisi at nibh. In hac habitasse platea dictumst. Aliquam augue quam, sollicitudin vitae,
82,1557192627,339,31,Proin eu mi. Nulla ac enim. In tempor, turpis nec euismod scelerisque,
83,1574092318,312,44,Nulla facilisi. Cras non velit nec nisi vulputate nonummy. Maecenas tincidunt lacus at velit. Vivamus vel nulla eget eros elementum pellentesque. Quisque porta volutpat erat. Quisque erat eros, viverra eget,
84,1589799091,157,27,Nam nulla. Integer pede justo, lacinia eget,
85,1578280171,261,14,Nulla tempus. Vivamus in felis eu sapien cursus vestibulum. Proin eu mi. Nulla ac enim. In tempor, turpis nec euismod scelerisque,
86,1548958390,202,31,Vivamus tortor. Duis mattis egestas metus. Aenean fermentum. Donec ut mauris eget massa tempor convallis. Nulla neque libero, convallis eget,
87,1563999258,174,18,Lorem ipsum dolor sit amet, consectetuer adipiscing elit. Proin risus. Praesent lectus. Vestibulum quam sapien,
88,1561561105,342,9,Maecenas ut massa quis augue luctus tincidunt. Nulla mollis molestie lorem. Quisque ut erat. Curabitur gravida nisi at nibh. In hac habitasse platea dictumst. Aliquam augue quam, sollicitudin vitae,
89,1561035163,316,44,Nam dui. Proin leo odio, porttitor id,
90,1534172347,130,47,Maecenas tristique, est et tempus semper,
91,1567213380,236,2,Maecenas tincidunt lacus at velit. Vivamus vel nulla eget eros elementum pellentesque. Quisque porta volutpat erat. Quisque erat eros, viverra eget,
92,1588278287,383,49,Nunc purus. Phasellus in felis. Donec semper sapien a libero. Nam dui. Proin leo odio, porttitor id,
93,1571591770,63,47,Fusce consequat. Nulla nisl. Nunc nisl. Duis bibendum, felis sed interdum venenatis,
94,1588545667,254,8,Nulla facilisi. Cras non velit nec nisi vulputate nonummy. Maecenas tincidunt lacus at velit. Vivamus vel nulla eget eros elementum pellentesque. Quisque porta volutpat erat. Quisque erat eros, viverra eget,
95,1543676408,32,17,Aliquam quis turpis eget elit sodales scelerisque. Mauris sit amet eros. Suspendisse accumsan tortor quis turpis. Sed ante. Vivamus tortor. Duis mattis egestas metus. Aenean fermentum. Donec ut mauris eget massa tempor convallis. Nulla neque libero, convallis eget,
96,1558114061,20,20,Aliquam sit amet diam in magna bibendum imperdiet. Nullam orci pede, venenatis non,
97,1578653718,246,21,Nam dui. Proin leo odio, porttitor id,
98,1579183203,9,39,Suspendisse ornare consequat lectus. In est risus, auctor sed,
99,1541602685,9,12,Suspendisse potenti. Cras in purus eu magna vulputate luctus. Cum sociis natoque penatibus et magnis dis parturient montes, nascetur ridiculus mus.,
100,1575905100,386,10,Cras mi pede, malesuada in,
101,1550777030,57,33,Suspendisse potenti. Cras in purus eu magna vulputate luctus. Cum sociis natoque penatibus et magnis dis parturient montes, nascetur ridiculus mus. Vivamus vestibulum sagittis sapien. Cum sociis natoque penatibus et magnis dis parturient montes,
102,1562819887,137,11,Integer ac neque. Duis bibendum. Morbi non quam nec dui luctus rutrum. Nulla tellus. In sagittis dui vel nisl. Duis ac nibh. Fusce lacus purus, aliquet at,
103,1596693894,109,3,Aenean fermentum. Donec ut mauris eget massa tempor convallis. Nulla neque libero, convallis eget,
104,1541197304,19,41,Pellentesque eget nunc. Donec quis orci eget orci vehicula condimentum. Curabitur in libero ut massa volutpat convallis. Morbi odio odio, elementum eu,
105,1557326151,361,48,Vestibulum rutrum rutrum neque. Aenean auctor gravida sem. Praesent id massa id nisl venenatis lacinia.,,
106,1560284195,263,38,Duis consequat dui nec nisi volutpat eleifend. Donec ut dolor. Morbi vel lectus in quam fringilla rhoncus. Mauris enim leo, rhoncus sed,
107,1559392605,282,46,Aliquam erat volutpat. In congue. Etiam justo. Etiam pretium iaculis justo. In hac habitasse platea dictumst. Etiam faucibus cursus urna. Ut tellus. Nulla ut erat id mauris vulputate elementum. Nullam varius. Nulla facilisi. Cras non velit nec nisi vulputate nonummy. Maecenas tincidunt lacus at velit.,,
108,1536289920,91,8,In tempor, turpis nec euismod scelerisque,
109,1596328577,162,47,Etiam faucibus cursus urna. Ut tellus. Nulla ut erat id mauris vulputate elementum. Nullam varius. Nulla facilisi.,,
110,1552142285,317,38,Vivamus metus arcu, adipiscing molestie,
111,1599735110,389,4,Aenean fermentum. Donec ut mauris eget massa tempor convallis. Nulla neque libero, convallis eget,
112,1542237055,286,8,Integer tincidunt ante vel ipsum. Praesent blandit lacinia erat. Vestibulum sed magna at nunc commodo placerat. Praesent blandit. Nam nulla. Integer pede justo, lacinia eget,
113,1598761827,376,29,Pellentesque at nulla. Suspendisse potenti. Cras in purus eu magna vulputate luctus.,,
114,1583782801,124,12,Aenean lectus. Pellentesque eget nunc. Donec quis orci eget orci vehicula condimentum. Curabitur in libero ut massa volutpat convallis.,,
115,1608931449,81,40,Vestibulum ante ipsum primis in faucibus orci luctus et ultrices posuere cubilia Curae; Duis faucibus accumsan odio. Curabitur convallis. Duis consequat dui nec nisi volutpat eleifend. Donec ut dolor. Morbi vel lectus in quam fringilla rhoncus. Mauris enim leo, rhoncus sed,
116,1546911038,309,3,Morbi non lectus. Aliquam sit amet diam in magna bibendum imperdiet. Nullam orci pede, venenatis non,
117,1570551936,261,16,Integer tincidunt ante vel ipsum. Praesent blandit lacinia erat. Vestibulum sed magna at nunc commodo placerat. Praesent blandit. Nam nulla. Integer pede justo, lacinia eget,
118,1535031615,245,11,Fusce consequat. Nulla nisl. Nunc nisl.,,
119,1581673334,173,41,Vestibulum ante ipsum primis in faucibus orci luctus et ultrices posuere cubilia Curae; Mauris viverra diam vitae quam. Suspendisse potenti. Nullam porttitor lacus at turpis. Donec posuere metus vitae ipsum. Aliquam non mauris. Morbi non lectus. Aliquam sit amet diam in magna bibendum imperdiet. Nullam orci pede, venenatis non,
120,1585954261,107,45,Maecenas leo odio, condimentum id,
121,1557888993,155,21,Cras in purus eu magna vulputate luctus. Cum sociis natoque penatibus et magnis dis parturient montes, nascetur ridiculus mus. Vivamus vestibulum sagittis sapien.,
122,1542826729,131,5,Pellentesque ultrices mattis odio. Donec vitae nisi. Nam ultrices, libero non mattis pulvinar,
123,1539777591,94,19,Cum sociis natoque penatibus et magnis dis parturient montes, nascetur ridiculus mus. Vivamus vestibulum sagittis sapien. Cum sociis natoque penatibus et magnis dis parturient montes,
124,1538664512,20,25,Aenean fermentum. Donec ut mauris eget massa tempor convallis. Nulla neque libero, convallis eget,
125,1553226419,60,29,Proin interdum mauris non ligula pellentesque ultrices. Phasellus id sapien in sapien iaculis congue. Vivamus metus arcu, adipiscing molestie,
127,1539685928,304,15,Mauris lacinia sapien quis libero. Nullam sit amet turpis elementum ligula vehicula consequat. Morbi a ipsum. Integer a nibh. In quis justo. Maecenas rhoncus aliquam lacus. Morbi quis tortor id nulla ultrices aliquet. Maecenas leo odio, condimentum id,
128,1533464449,185,48,Nunc purus. Phasellus in felis. Donec semper sapien a libero. Nam dui. Proin leo odio, porttitor id,
129,1567141563,264,43,Praesent id massa id nisl venenatis lacinia. Aenean sit amet justo. Morbi ut odio. Cras mi pede, malesuada in,
130,1586783249,243,11,In hac habitasse platea dictumst. Morbi vestibulum, velit id pretium iaculis,
131,1541532512,260,10,Phasellus in felis. Donec semper sapien a libero. Nam dui. Proin leo odio, porttitor id,
132,1546866442,284,22,Praesent blandit. Nam nulla. Integer pede justo, lacinia eget,
133,1549204028,118,34,Nulla tellus. In sagittis dui vel nisl. Duis ac nibh.,,
134,1539960827,283,23,Nulla suscipit ligula in lacus. Curabitur at ipsum ac tellus semper interdum. Mauris ullamcorper purus sit amet nulla. Quisque arcu libero, rutrum ac,
135,1569894216,382,21,Nulla suscipit ligula in lacus. Curabitur at ipsum ac tellus semper interdum. Mauris ullamcorper purus sit amet nulla. Quisque arcu libero, rutrum ac,
136,1591733036,270,19,Etiam justo. Etiam pretium iaculis justo. In hac habitasse platea dictumst. Etiam faucibus cursus urna. Ut tellus.,,
137,1567630551,375,43,Morbi non quam nec dui luctus rutrum. Nulla tellus. In sagittis dui vel nisl. Duis ac nibh. Fusce lacus purus, aliquet at,
139,1550546065,353,4,Mauris sit amet eros. Suspendisse accumsan tortor quis turpis. Sed ante. Vivamus tortor. Duis mattis egestas metus. Aenean fermentum. Donec ut mauris eget massa tempor convallis. Nulla neque libero, convallis eget,
140,1534174962,325,25,Cum sociis natoque penatibus et magnis dis parturient montes, nascetur ridiculus mus. Vivamus vestibulum sagittis sapien. Cum sociis natoque penatibus et magnis dis parturient montes,
141,1581755163,115,40,Morbi sem mauris, laoreet ut,
142,1542536261,37,46,Proin at turpis a pede posuere nonummy. Integer non velit. Donec diam neque, vestibulum eget,
143,1571002257,67,23,Vivamus vel nulla eget eros elementum pellentesque. Quisque porta volutpat erat. Quisque erat eros, viverra eget,
144,1603537478,166,28,Morbi sem mauris, laoreet ut,
145,1592545137,219,16,Vestibulum ac est lacinia nisi venenatis tristique. Fusce congue, diam id ornare imperdiet,
146,1600262374,268,45,Morbi a ipsum. Integer a nibh. In quis justo. Maecenas rhoncus aliquam lacus. Morbi quis tortor id nulla ultrices aliquet. Maecenas leo odio, condimentum id,
147,1548431738,207,33,Nulla tempus. Vivamus in felis eu sapien cursus vestibulum. Proin eu mi. Nulla ac enim. In tempor, turpis nec euismod scelerisque,
148,1562358395,314,28,Nulla neque libero, convallis eget,
149,1547842736,219,10,In eleifend quam a odio. In hac habitasse platea dictumst. Maecenas ut massa quis augue luctus tincidunt. Nulla mollis molestie lorem. Quisque ut erat. Curabitur gravida nisi at nibh. In hac habitasse platea dictumst. Aliquam augue quam, sollicitudin vitae,
150,1549205103,281,45,Donec diam neque, vestibulum eget,
151,1535293951,389,38,Quisque erat eros, viverra eget,
152,1551478194,263,45,Morbi non lectus. Aliquam sit amet diam in magna bibendum imperdiet. Nullam orci pede, venenatis non,
153,1594894082,74,2,Nulla justo. Aliquam quis turpis eget elit sodales scelerisque.,,
154,1599576657,228,22,Pellentesque ultrices mattis odio. Donec vitae nisi. Nam ultrices, libero non mattis pulvinar,
155,1593309162,96,21,In congue. Etiam justo. Etiam pretium iaculis justo. In hac habitasse platea dictumst. Etiam faucibus cursus urna. Ut tellus. Nulla ut erat id mauris vulputate elementum. Nullam varius.,,
156,1566776560,134,30,Morbi quis tortor id nulla ultrices aliquet. Maecenas leo odio, condimentum id,
157,1582881732,400,10,Morbi vestibulum, velit id pretium iaculis,
158,1588732906,57,42,In blandit ultrices enim. Lorem ipsum dolor sit amet, consectetuer adipiscing elit. Proin interdum mauris non ligula pellentesque ultrices. Phasellus id sapien in sapien iaculis congue.,
159,1578871924,281,49,Morbi ut odio. Cras mi pede, malesuada in,
160,1609002686,294,23,Vestibulum rutrum rutrum neque. Aenean auctor gravida sem. Praesent id massa id nisl venenatis lacinia. Aenean sit amet justo. Morbi ut odio. Cras mi pede, malesuada in,
161,1575098652,174,11,Nulla facilisi. Cras non velit nec nisi vulputate nonummy. Maecenas tincidunt lacus at velit. Vivamus vel nulla eget eros elementum pellentesque. Quisque porta volutpat erat. Quisque erat eros, viverra eget,
162,1582058544,313,30,Cum sociis natoque penatibus et magnis dis parturient montes, nascetur ridiculus mus. Etiam vel augue. Vestibulum rutrum rutrum neque. Aenean auctor gravida sem. Praesent id massa id nisl venenatis lacinia.,
163,1576058243,170,31,In hac habitasse platea dictumst. Aliquam augue quam, sollicitudin vitae,
164,1587229317,174,42,Praesent blandit lacinia erat. Vestibulum sed magna at nunc commodo placerat. Praesent blandit.,,
165,1537227622,106,19,In hac habitasse platea dictumst. Etiam faucibus cursus urna. Ut tellus.,,
166,1600860680,226,44,Nulla tellus. In sagittis dui vel nisl.,,
167,1575417253,284,5,Duis bibendum. Morbi non quam nec dui luctus rutrum. Nulla tellus. In sagittis dui vel nisl. Duis ac nibh. Fusce lacus purus, aliquet at,
168,1593492747,74,2,Suspendisse potenti. In eleifend quam a odio. In hac habitasse platea dictumst. Maecenas ut massa quis augue luctus tincidunt. Nulla mollis molestie lorem. Quisque ut erat. Curabitur gravida nisi at nibh. In hac habitasse platea dictumst. Aliquam augue quam, sollicitudin vitae,
169,1541936364,92,32,Ut at dolor quis odio consequat varius. Integer ac leo. Pellentesque ultrices mattis odio. Donec vitae nisi. Nam ultrices, libero non mattis pulvinar,
170,1543660406,342,15,Morbi non lectus. Aliquam sit amet diam in magna bibendum imperdiet. Nullam orci pede, venenatis non,
171,1544472804,307,1,Suspendisse potenti. Cras in purus eu magna vulputate luctus. Cum sociis natoque penatibus et magnis dis parturient montes, nascetur ridiculus mus. Vivamus vestibulum sagittis sapien. Cum sociis natoque penatibus et magnis dis parturient montes,
172,1574072129,45,7,Nunc nisl. Duis bibendum, felis sed interdum venenatis,
174,1542617541,390,12,Cum sociis natoque penatibus et magnis dis parturient montes, nascetur ridiculus mus. Vivamus vestibulum sagittis sapien. Cum sociis natoque penatibus et magnis dis parturient montes,
175,1573967119,20,33,Ut tellus. Nulla ut erat id mauris vulputate elementum. Nullam varius. Nulla facilisi. Cras non velit nec nisi vulputate nonummy. Maecenas tincidunt lacus at velit. Vivamus vel nulla eget eros elementum pellentesque. Quisque porta volutpat erat. Quisque erat eros, viverra eget,
176,1541106521,307,12,Nulla tellus. In sagittis dui vel nisl.,,
177,1583968804,52,20,Donec dapibus. Duis at velit eu est congue elementum. In hac habitasse platea dictumst. Morbi vestibulum, velit id pretium iaculis,
179,1577051374,382,47,Aliquam non mauris. Morbi non lectus. Aliquam sit amet diam in magna bibendum imperdiet.,,
180,1545436537,102,21,In hac habitasse platea dictumst. Maecenas ut massa quis augue luctus tincidunt. Nulla mollis molestie lorem. Quisque ut erat. Curabitur gravida nisi at nibh. In hac habitasse platea dictumst. Aliquam augue quam, sollicitudin vitae,
181,1600266984,54,40,Donec semper sapien a libero. Nam dui. Proin leo odio, porttitor id,
182,1605548273,61,12,Vivamus tortor. Duis mattis egestas metus. Aenean fermentum. Donec ut mauris eget massa tempor convallis. Nulla neque libero, convallis eget,
183,1584749284,143,1,Nunc rhoncus dui vel sem. Sed sagittis.,,
184,1536225585,374,36,Donec semper sapien a libero. Nam dui. Proin leo odio, porttitor id,
185,1590837998,93,44,Aenean auctor gravida sem. Praesent id massa id nisl venenatis lacinia. Aenean sit amet justo. Morbi ut odio. Cras mi pede, malesuada in,
186,1557135522,170,3,Nulla tempus. Vivamus in felis eu sapien cursus vestibulum. Proin eu mi. Nulla ac enim. In tempor, turpis nec euismod scelerisque,
187,1568960012,65,17,Vestibulum ante ipsum primis in faucibus orci luctus et ultrices posuere cubilia Curae; Mauris viverra diam vitae quam. Suspendisse potenti. Nullam porttitor lacus at turpis. Donec posuere metus vitae ipsum. Aliquam non mauris. Morbi non lectus. Aliquam sit amet diam in magna bibendum imperdiet. Nullam orci pede, venenatis non,
188,1543779022,241,32,Maecenas leo odio, condimentum id,
189,1549220052,359,20,Vivamus in felis eu sapien cursus vestibulum. Proin eu mi. Nulla ac enim. In tempor, turpis nec euismod scelerisque,
190,1578142595,58,36,Fusce consequat. Nulla nisl. Nunc nisl. Duis bibendum, felis sed interdum venenatis,
191,1577727057,324,45,Donec dapibus. Duis at velit eu est congue elementum. In hac habitasse platea dictumst. Morbi vestibulum, velit id pretium iaculis,
192,1549641391,353,27,Nulla mollis molestie lorem. Quisque ut erat.,,
193,1580838175,115,3,Nulla neque libero, convallis eget,
194,1566693450,346,16,Pellentesque at nulla. Suspendisse potenti. Cras in purus eu magna vulputate luctus. Cum sociis natoque penatibus et magnis dis parturient montes, nascetur ridiculus mus. Vivamus vestibulum sagittis sapien. Cum sociis natoque penatibus et magnis dis parturient montes,
195,1551199314,121,12,Etiam vel augue. Vestibulum rutrum rutrum neque. Aenean auctor gravida sem. Praesent id massa id nisl venenatis lacinia. Aenean sit amet justo.,,
196,1595895992,44,47,Sed sagittis. Nam congue, risus semper porta volutpat,
197,1566553584,370,14,Phasellus id sapien in sapien iaculis congue. Vivamus metus arcu, adipiscing molestie,
198,1544479841,211,46,In est risus, auctor sed,
199,1589314509,118,34,Integer aliquet, massa id lobortis convallis,
200,1603195334,22,2,Vestibulum ante ipsum primis in faucibus orci luctus et ultrices posuere cubilia Curae; Duis faucibus accumsan odio. Curabitur convallis. Duis consequat dui nec nisi volutpat eleifend. Donec ut dolor. Morbi vel lectus in quam fringilla rhoncus. Mauris enim leo, rhoncus sed,
201,1546497371,212,25,Nulla neque libero, convallis eget,
202,1573363660,336,24,In blandit ultrices enim. Lorem ipsum dolor sit amet, consectetuer adipiscing elit. Proin interdum mauris non ligula pellentesque ultrices. Phasellus id sapien in sapien iaculis congue. Vivamus metus arcu,
203,1549385263,68,10,Donec diam neque, vestibulum eget,
204,1542828075,244,30,Aenean sit amet justo. Morbi ut odio. Cras mi pede, malesuada in,
205,1591150858,11,17,Etiam faucibus cursus urna. Ut tellus. Nulla ut erat id mauris vulputate elementum. Nullam varius. Nulla facilisi. Cras non velit nec nisi vulputate nonummy. Maecenas tincidunt lacus at velit. Vivamus vel nulla eget eros elementum pellentesque. Quisque porta volutpat erat. Quisque erat eros, viverra eget,
206,1590770234,217,32,Phasellus sit amet erat. Nulla tempus.,,
207,1582624888,273,32,In eleifend quam a odio. In hac habitasse platea dictumst. Maecenas ut massa quis augue luctus tincidunt. Nulla mollis molestie lorem. Quisque ut erat. Curabitur gravida nisi at nibh. In hac habitasse platea dictumst. Aliquam augue quam, sollicitudin vitae,
208,1579629702,46,11,Nulla tellus. In sagittis dui vel nisl. Duis ac nibh. Fusce lacus purus, aliquet at,
209,1589641968,72,22,Vestibulum ac est lacinia nisi venenatis tristique. Fusce congue, diam id ornare imperdiet,
210,1560831273,52,5,Maecenas tincidunt lacus at velit. Vivamus vel nulla eget eros elementum pellentesque. Quisque porta volutpat erat. Quisque erat eros, viverra eget,
212,1546575324,181,4,Duis consequat dui nec nisi volutpat eleifend. Donec ut dolor.,,
213,1543667222,332,14,Donec ut dolor. Morbi vel lectus in quam fringilla rhoncus. Mauris enim leo, rhoncus sed,
214,1554518059,154,9,In eleifend quam a odio. In hac habitasse platea dictumst. Maecenas ut massa quis augue luctus tincidunt. Nulla mollis molestie lorem. Quisque ut erat. Curabitur gravida nisi at nibh. In hac habitasse platea dictumst.,,
215,1548850821,76,4,Nunc rhoncus dui vel sem. Sed sagittis. Nam congue, risus semper porta volutpat,
216,1576696629,39,42,Integer non velit. Donec diam neque, vestibulum eget,
217,1591889531,232,40,Nulla ac enim. In tempor, turpis nec euismod scelerisque,
218,1598358513,115,26,Duis bibendum. Morbi non quam nec dui luctus rutrum. Nulla tellus. In sagittis dui vel nisl. Duis ac nibh. Fusce lacus purus, aliquet at,
219,1573991516,297,29,Duis bibendum, felis sed interdum venenatis,
220,1594135992,234,39,Morbi non quam nec dui luctus rutrum. Nulla tellus. In sagittis dui vel nisl. Duis ac nibh. Fusce lacus purus, aliquet at,
221,1557141526,215,34,In quis justo. Maecenas rhoncus aliquam lacus. Morbi quis tortor id nulla ultrices aliquet.,,
222,1568229811,74,30,Aliquam quis turpis eget elit sodales scelerisque. Mauris sit amet eros. Suspendisse accumsan tortor quis turpis. Sed ante.,,
223,1565790259,252,21,Duis bibendum, felis sed interdum venenatis,
224,1586524441,310,36,Pellentesque viverra pede ac diam. Cras pellentesque volutpat dui. Maecenas tristique, est et tempus semper,
225,1561495387,78,49,Nulla tellus. In sagittis dui vel nisl. Duis ac nibh.,,
226,1575845546,203,27,Morbi porttitor lorem id ligula. Suspendisse ornare consequat lectus. In est risus, auctor sed,
227,1550072190,268,27,Cras non velit nec nisi vulputate nonummy. Maecenas tincidunt lacus at velit. Vivamus vel nulla eget eros elementum pellentesque. Quisque porta volutpat erat. Quisque erat eros, viverra eget,
228,1548002511,332,50,Sed sagittis. Nam congue, risus semper porta volutpat,
229,1583772984,24,22,Nunc rhoncus dui vel sem. Sed sagittis. Nam congue, risus semper porta volutpat,
230,1602759180,66,44,In hac habitasse platea dictumst. Aliquam augue quam, sollicitudin vitae,
231,1571142528,157,15,Proin interdum mauris non ligula pellentesque ultrices. Phasellus id sapien in sapien iaculis congue. Vivamus metus arcu, adipiscing molestie,
233,1581712885,107,39,Integer aliquet, massa id lobortis convallis,
234,1567478401,405,44,Nulla ac enim. In tempor, turpis nec euismod scelerisque,
237,1567498886,69,34,Aliquam augue quam, sollicitudin vitae,
238,1566835541,179,45,Duis consequat dui nec nisi volutpat eleifend. Donec ut dolor. Morbi vel lectus in quam fringilla rhoncus. Mauris enim leo, rhoncus sed,
239,1566593211,67,21,In hac habitasse platea dictumst. Etiam faucibus cursus urna. Ut tellus. Nulla ut erat id mauris vulputate elementum. Nullam varius. Nulla facilisi. Cras non velit nec nisi vulputate nonummy. Maecenas tincidunt lacus at velit. Vivamus vel nulla eget eros elementum pellentesque. Quisque porta volutpat erat. Quisque erat eros, viverra eget,
240,1592130814,326,41,Suspendisse potenti. Nullam porttitor lacus at turpis. Donec posuere metus vitae ipsum. Aliquam non mauris. Morbi non lectus.,,
241,1560631835,129,49,Vivamus tortor. Duis mattis egestas metus. Aenean fermentum. Donec ut mauris eget massa tempor convallis.,,
242,1540749011,392,19,Morbi odio odio, elementum eu,
243,1561005117,375,31,Etiam pretium iaculis justo. In hac habitasse platea dictumst. Etiam faucibus cursus urna. Ut tellus. Nulla ut erat id mauris vulputate elementum. Nullam varius. Nulla facilisi. Cras non velit nec nisi vulputate nonummy. Maecenas tincidunt lacus at velit. Vivamus vel nulla eget eros elementum pellentesque. Quisque porta volutpat erat. Quisque erat eros, viverra eget,
244,1544875010,61,30,Nulla ut erat id mauris vulputate elementum. Nullam varius. Nulla facilisi. Cras non velit nec nisi vulputate nonummy. Maecenas tincidunt lacus at velit. Vivamus vel nulla eget eros elementum pellentesque. Quisque porta volutpat erat. Quisque erat eros, viverra eget,
245,1581174984,270,46,Sed ante. Vivamus tortor. Duis mattis egestas metus. Aenean fermentum. Donec ut mauris eget massa tempor convallis.,,
246,1547577988,369,25,Proin eu mi. Nulla ac enim. In tempor, turpis nec euismod scelerisque,
247,1545887618,354,48,Proin leo odio, porttitor id,
248,1546201930,163,28,Nulla nisl. Nunc nisl. Duis bibendum, felis sed interdum venenatis,
249,1566772324,341,40,Integer ac neque. Duis bibendum. Morbi non quam nec dui luctus rutrum. Nulla tellus. In sagittis dui vel nisl. Duis ac nibh. Fusce lacus purus, aliquet at,
250,1565589939,103,9,Ut at dolor quis odio consequat varius. Integer ac leo. Pellentesque ultrices mattis odio. Donec vitae nisi. Nam ultrices, libero non mattis pulvinar,
251,1584993689,14,4,Nullam orci pede, venenatis non,
252,1574386069,381,44,Sed ante. Vivamus tortor. Duis mattis egestas metus. Aenean fermentum.,,
253,1543298605,178,28,In hac habitasse platea dictumst. Aliquam augue quam, sollicitudin vitae,
254,1574166243,378,18,Pellentesque at nulla. Suspendisse potenti. Cras in purus eu magna vulputate luctus. Cum sociis natoque penatibus et magnis dis parturient montes, nascetur ridiculus mus. Vivamus vestibulum sagittis sapien. Cum sociis natoque penatibus et magnis dis parturient montes,
255,1596924500,46,21,Aenean sit amet justo. Morbi ut odio. Cras mi pede, malesuada in,
256,1576523078,234,29,Duis at velit eu est congue elementum. In hac habitasse platea dictumst. Morbi vestibulum, velit id pretium iaculis,
257,1535692688,136,38,Praesent blandit. Nam nulla. Integer pede justo, lacinia eget,
258,1607948061,304,5,Suspendisse potenti. Nullam porttitor lacus at turpis. Donec posuere metus vitae ipsum. Aliquam non mauris. Morbi non lectus. Aliquam sit amet diam in magna bibendum imperdiet.,,
259,1589551641,82,49,In tempor, turpis nec euismod scelerisque,
260,1565076487,131,40,Duis bibendum. Morbi non quam nec dui luctus rutrum. Nulla tellus. In sagittis dui vel nisl. Duis ac nibh. Fusce lacus purus, aliquet at,
261,1589258035,169,30,Phasellus sit amet erat. Nulla tempus. Vivamus in felis eu sapien cursus vestibulum. Proin eu mi.,,
262,1577523006,123,20,Praesent blandit lacinia erat. Vestibulum sed magna at nunc commodo placerat. Praesent blandit. Nam nulla. Integer pede justo, lacinia eget,
263,1564581361,322,14,Duis aliquam convallis nunc. Proin at turpis a pede posuere nonummy. Integer non velit.,,
264,1607903062,4,7,Fusce consequat. Nulla nisl. Nunc nisl. Duis bibendum, felis sed interdum venenatis,
265,1602521449,187,44,Morbi non lectus. Aliquam sit amet diam in magna bibendum imperdiet. Nullam orci pede, venenatis non,
266,1571280643,111,2,Vestibulum quam sapien, varius ut,
267,1553538253,189,48,Quisque porta volutpat erat. Quisque erat eros, viverra eget,
268,1542404130,8,8,Integer pede justo, lacinia eget,
269,1596782971,230,20,Aliquam augue quam, sollicitudin vitae,
270,1583663398,125,19,Vestibulum ante ipsum primis in faucibus orci luctus et ultrices posuere cubilia Curae; Nulla dapibus dolor vel est. Donec odio justo, sollicitudin ut,
271,1591977708,179,16,Maecenas ut massa quis augue luctus tincidunt. Nulla mollis molestie lorem. Quisque ut erat.,,
273,1590139649,133,44,Ut at dolor quis odio consequat varius. Integer ac leo. Pellentesque ultrices mattis odio.,,
274,1607810879,161,11,Nulla facilisi. Cras non velit nec nisi vulputate nonummy. Maecenas tincidunt lacus at velit. Vivamus vel nulla eget eros elementum pellentesque. Quisque porta volutpat erat.,,
275,1566218037,276,14,In hac habitasse platea dictumst. Morbi vestibulum, velit id pretium iaculis,
276,1547190528,79,1,Sed sagittis. Nam congue, risus semper porta volutpat,
277,1579700752,273,3,Vivamus metus arcu, adipiscing molestie,
278,1587988999,114,48,Morbi porttitor lorem id ligula. Suspendisse ornare consequat lectus.,,
279,1534030218,287,43,Integer ac leo. Pellentesque ultrices mattis odio. Donec vitae nisi. Nam ultrices, libero non mattis pulvinar,
280,1603357428,97,25,Mauris enim leo, rhoncus sed,
281,1585065380,306,35,Praesent lectus. Vestibulum quam sapien, varius ut,
282,1588370769,104,38,Nullam porttitor lacus at turpis. Donec posuere metus vitae ipsum. Aliquam non mauris. Morbi non lectus. Aliquam sit amet diam in magna bibendum imperdiet. Nullam orci pede, venenatis non,
283,1564582032,324,13,Suspendisse ornare consequat lectus. In est risus, auctor sed,
284,1605913867,277,28,Nam nulla. Integer pede justo, lacinia eget,
285,1569973330,42,2,Proin at turpis a pede posuere nonummy. Integer non velit. Donec diam neque, vestibulum eget,
286,1608038991,25,10,Nulla tempus. Vivamus in felis eu sapien cursus vestibulum. Proin eu mi. Nulla ac enim. In tempor, turpis nec euismod scelerisque,
287,1600492104,363,4,Fusce posuere felis sed lacus. Morbi sem mauris, laoreet ut,
289,1540855205,41,46,Aenean sit amet justo. Morbi ut odio. Cras mi pede, malesuada in,
290,1556069243,144,13,Quisque porta volutpat erat. Quisque erat eros, viverra eget,
292,1608205171,394,3,Nunc rhoncus dui vel sem. Sed sagittis. Nam congue, risus semper porta volutpat,
293,1564850132,389,39,Vestibulum ante ipsum primis in faucibus orci luctus et ultrices posuere cubilia Curae; Donec pharetra, magna vestibulum aliquet ultrices,
294,1540907437,42,18,Nulla mollis molestie lorem. Quisque ut erat.,,
295,1564826655,110,31,Morbi quis tortor id nulla ultrices aliquet. Maecenas leo odio, condimentum id,
296,1541880171,177,44,Vestibulum ac est lacinia nisi venenatis tristique. Fusce congue, diam id ornare imperdiet,
297,1594183026,223,47,Suspendisse accumsan tortor quis turpis. Sed ante. Vivamus tortor. Duis mattis egestas metus. Aenean fermentum.,,
298,1558003695,375,4,Proin eu mi. Nulla ac enim. In tempor, turpis nec euismod scelerisque,
299,1581469878,29,34,Proin leo odio, porttitor id,
300,1586149782,345,47,Quisque erat eros, viverra eget,
301,1546921352,237,50,Morbi vestibulum, velit id pretium iaculis,
302,1551737144,277,35,Quisque id justo sit amet sapien dignissim vestibulum. Vestibulum ante ipsum primis in faucibus orci luctus et ultrices posuere cubilia Curae; Nulla dapibus dolor vel est. Donec odio justo, sollicitudin ut,
303,1563875129,265,33,Nulla tellus. In sagittis dui vel nisl. Duis ac nibh. Fusce lacus purus, aliquet at,
304,1552606486,14,10,Vivamus vel nulla eget eros elementum pellentesque. Quisque porta volutpat erat. Quisque erat eros, viverra eget,
305,1544731364,361,22,Aenean lectus. Pellentesque eget nunc. Donec quis orci eget orci vehicula condimentum. Curabitur in libero ut massa volutpat convallis. Morbi odio odio, elementum eu,
306,1543241096,398,5,In est risus, auctor sed,
307,1549241983,367,20,Phasellus in felis. Donec semper sapien a libero.,,
308,1596102350,6,15,Curabitur gravida nisi at nibh. In hac habitasse platea dictumst. Aliquam augue quam, sollicitudin vitae,
309,1557392760,235,47,Integer ac neque. Duis bibendum. Morbi non quam nec dui luctus rutrum.,,
310,1558105530,27,11,Aenean lectus. Pellentesque eget nunc. Donec quis orci eget orci vehicula condimentum. Curabitur in libero ut massa volutpat convallis. Morbi odio odio, elementum eu,
311,1602255414,182,28,Maecenas tristique, est et tempus semper,
312,1591333386,135,31,Vestibulum quam sapien, varius ut,
313,1573599046,258,22,Vestibulum quam sapien, varius ut,
314,1562340624,258,18,Duis ac nibh. Fusce lacus purus, aliquet at,
315,1591287076,59,34,Etiam vel augue. Vestibulum rutrum rutrum neque.,,
316,1534717152,350,34,Cras non velit nec nisi vulputate nonummy. Maecenas tincidunt lacus at velit. Vivamus vel nulla eget eros elementum pellentesque. Quisque porta volutpat erat. Quisque erat eros, viverra eget,
317,1606615436,311,38,Nulla justo. Aliquam quis turpis eget elit sodales scelerisque. Mauris sit amet eros. Suspendisse accumsan tortor quis turpis. Sed ante. Vivamus tortor. Duis mattis egestas metus. Aenean fermentum. Donec ut mauris eget massa tempor convallis.,,
318,1561080651,133,31,Duis aliquam convallis nunc. Proin at turpis a pede posuere nonummy. Integer non velit. Donec diam neque, vestibulum eget,
319,1600570483,13,47,Sed ante. Vivamus tortor. Duis mattis egestas metus.,,
320,1540114033,233,7,Donec semper sapien a libero. Nam dui. Proin leo odio, porttitor id,
321,1577039938,67,42,Duis aliquam convallis nunc. Proin at turpis a pede posuere nonummy. Integer non velit. Donec diam neque, vestibulum eget,
322,1587399751,37,41,Nulla tempus. Vivamus in felis eu sapien cursus vestibulum.,,
323,1558991841,62,36,Morbi non quam nec dui luctus rutrum. Nulla tellus. In sagittis dui vel nisl. Duis ac nibh. Fusce lacus purus, aliquet at,
324,1574112298,238,29,Pellentesque ultrices mattis odio. Donec vitae nisi. Nam ultrices, libero non mattis pulvinar,
325,1607766789,277,12,Morbi quis tortor id nulla ultrices aliquet. Maecenas leo odio, condimentum id,
326,1569498204,77,16,Vivamus vel nulla eget eros elementum pellentesque. Quisque porta volutpat erat. Quisque erat eros, viverra eget,
327,1534234426,199,24,Cras pellentesque volutpat dui. Maecenas tristique, est et tempus semper,
329,1590716200,34,42,Lorem ipsum dolor sit amet, consectetuer adipiscing elit. Proin interdum mauris non ligula pellentesque ultrices. Phasellus id sapien in sapien iaculis congue. Vivamus metus arcu,
330,1558237994,188,39,Nullam sit amet turpis elementum ligula vehicula consequat. Morbi a ipsum. Integer a nibh. In quis justo. Maecenas rhoncus aliquam lacus. Morbi quis tortor id nulla ultrices aliquet. Maecenas leo odio, condimentum id,
331,1598029935,38,32,Cum sociis natoque penatibus et magnis dis parturient montes, nascetur ridiculus mus. Etiam vel augue. Vestibulum rutrum rutrum neque. Aenean auctor gravida sem. Praesent id massa id nisl venenatis lacinia.,
332,1555091805,204,27,Nulla mollis molestie lorem. Quisque ut erat. Curabitur gravida nisi at nibh. In hac habitasse platea dictumst. Aliquam augue quam, sollicitudin vitae,
333,1584717408,200,43,Aenean sit amet justo. Morbi ut odio. Cras mi pede, malesuada in,
334,1554377731,157,20,Cras in purus eu magna vulputate luctus. Cum sociis natoque penatibus et magnis dis parturient montes, nascetur ridiculus mus. Vivamus vestibulum sagittis sapien.,
335,1561727023,337,29,Nullam orci pede, venenatis non,
336,1537870592,355,39,Phasellus in felis. Donec semper sapien a libero. Nam dui. Proin leo odio, porttitor id,
338,1557048963,150,1,Donec quis orci eget orci vehicula condimentum. Curabitur in libero ut massa volutpat convallis. Morbi odio odio, elementum eu,
339,1539616700,300,50,Etiam vel augue. Vestibulum rutrum rutrum neque. Aenean auctor gravida sem. Praesent id massa id nisl venenatis lacinia. Aenean sit amet justo. Morbi ut odio. Cras mi pede, malesuada in,
340,1533299538,127,12,Morbi vel lectus in quam fringilla rhoncus. Mauris enim leo, rhoncus sed,
341,1535815075,321,31,Quisque porta volutpat erat. Quisque erat eros, viverra eget,
342,1586279050,299,5,Morbi vestibulum, velit id pretium iaculis,
343,1591483409,302,28,Cum sociis natoque penatibus et magnis dis parturient montes, nascetur ridiculus mus. Etiam vel augue. Vestibulum rutrum rutrum neque. Aenean auctor gravida sem.,
344,1537180665,338,39,Praesent blandit. Nam nulla. Integer pede justo, lacinia eget,
345,1579120442,295,36,Vestibulum sed magna at nunc commodo placerat. Praesent blandit. Nam nulla. Integer pede justo, lacinia eget,
346,1543737090,151,47,Nunc nisl. Duis bibendum, felis sed interdum venenatis,
347,1596951777,93,32,Nulla tempus. Vivamus in felis eu sapien cursus vestibulum. Proin eu mi. Nulla ac enim. In tempor, turpis nec euismod scelerisque,
348,1557210645,111,21,Cras in purus eu magna vulputate luctus. Cum sociis natoque penatibus et magnis dis parturient montes, nascetur ridiculus mus. Vivamus vestibulum sagittis sapien. Cum sociis natoque penatibus et magnis dis parturient montes,
349,1559359239,151,27,Nullam orci pede, venenatis non,
350,1582431704,149,7,Nullam porttitor lacus at turpis. Donec posuere metus vitae ipsum. Aliquam non mauris. Morbi non lectus. Aliquam sit amet diam in magna bibendum imperdiet.,,
351,1539713725,393,45,Vivamus vestibulum sagittis sapien. Cum sociis natoque penatibus et magnis dis parturient montes, nascetur ridiculus mus. Etiam vel augue. Vestibulum rutrum rutrum neque. Aenean auctor gravida sem. Praesent id massa id nisl venenatis lacinia.,
352,1563242146,280,44,Fusce lacus purus, aliquet at,
353,1567097934,400,30,In sagittis dui vel nisl. Duis ac nibh. Fusce lacus purus, aliquet at,
354,1585473287,46,20,Morbi non quam nec dui luctus rutrum. Nulla tellus. In sagittis dui vel nisl. Duis ac nibh. Fusce lacus purus, aliquet at,
355,1560341280,311,21,Curabitur convallis. Duis consequat dui nec nisi volutpat eleifend. Donec ut dolor. Morbi vel lectus in quam fringilla rhoncus. Mauris enim leo, rhoncus sed,
356,1588563576,139,5,Nulla neque libero, convallis eget,
357,1535573176,54,26,Praesent lectus. Vestibulum quam sapien, varius ut,
358,1574260805,253,29,Vivamus vel nulla eget eros elementum pellentesque. Quisque porta volutpat erat.,,
359,1562202339,396,10,Mauris sit amet eros. Suspendisse accumsan tortor quis turpis. Sed ante. Vivamus tortor. Duis mattis egestas metus. Aenean fermentum. Donec ut mauris eget massa tempor convallis. Nulla neque libero, convallis eget,
360,1580225656,280,8,Donec dapibus. Duis at velit eu est congue elementum. In hac habitasse platea dictumst. Morbi vestibulum, velit id pretium iaculis,
361,1560854788,390,17,Suspendisse accumsan tortor quis turpis. Sed ante.,,
362,1561026347,284,4,Fusce lacus purus, aliquet at,
363,1568559822,15,23,Proin risus. Praesent lectus. Vestibulum quam sapien, varius ut,
364,1563183186,384,45,Duis bibendum, felis sed interdum venenatis,
365,1592330537,20,41,Mauris sit amet eros. Suspendisse accumsan tortor quis turpis. Sed ante. Vivamus tortor. Duis mattis egestas metus. Aenean fermentum. Donec ut mauris eget massa tempor convallis. Nulla neque libero, convallis eget,
366,1600946022,135,4,Praesent blandit. Nam nulla. Integer pede justo, lacinia eget,
367,1597721148,153,20,Praesent id massa id nisl venenatis lacinia. Aenean sit amet justo. Morbi ut odio. Cras mi pede, malesuada in,
368,1552917387,176,9,In hac habitasse platea dictumst. Morbi vestibulum, velit id pretium iaculis,
370,1606689995,243,43,Vivamus vestibulum sagittis sapien. Cum sociis natoque penatibus et magnis dis parturient montes, nascetur ridiculus mus. Etiam vel augue. Vestibulum rutrum rutrum neque. Aenean auctor gravida sem. Praesent id massa id nisl venenatis lacinia. Aenean sit amet justo. Morbi ut odio. Cras mi pede,
371,1568903194,251,32,Sed sagittis. Nam congue, risus semper porta volutpat,
372,1567822583,393,32,Maecenas leo odio, condimentum id,
373,1551948853,181,43,In hac habitasse platea dictumst. Maecenas ut massa quis augue luctus tincidunt. Nulla mollis molestie lorem.,,
374,1560470676,274,45,Morbi sem mauris, laoreet ut,
375,1603888734,135,3,Mauris sit amet eros. Suspendisse accumsan tortor quis turpis. Sed ante. Vivamus tortor. Duis mattis egestas metus. Aenean fermentum. Donec ut mauris eget massa tempor convallis. Nulla neque libero, convallis eget,
376,1559847072,86,40,Proin eu mi. Nulla ac enim. In tempor, turpis nec euismod scelerisque,
377,1597844093,394,30,Nam ultrices, libero non mattis pulvinar,
378,1604680699,350,21,Morbi quis tortor id nulla ultrices aliquet. Maecenas leo odio, condimentum id,
379,1608446987,56,24,Quisque ut erat. Curabitur gravida nisi at nibh. In hac habitasse platea dictumst. Aliquam augue quam, sollicitudin vitae,
380,1609138319,352,17,Aliquam augue quam, sollicitudin vitae,
381,1536247923,248,4,Vestibulum ante ipsum primis in faucibus orci luctus et ultrices posuere cubilia Curae; Nulla dapibus dolor vel est. Donec odio justo, sollicitudin ut,
382,1580963972,390,26,Praesent id massa id nisl venenatis lacinia. Aenean sit amet justo. Morbi ut odio.,,
383,1556062708,225,40,In congue. Etiam justo. Etiam pretium iaculis justo. In hac habitasse platea dictumst. Etiam faucibus cursus urna. Ut tellus. Nulla ut erat id mauris vulputate elementum. Nullam varius. Nulla facilisi. Cras non velit nec nisi vulputate nonummy.,,
384,1539074463,205,25,In quis justo. Maecenas rhoncus aliquam lacus. Morbi quis tortor id nulla ultrices aliquet. Maecenas leo odio, condimentum id,
385,1584320776,174,41,Aliquam augue quam, sollicitudin vitae,
386,1608234765,311,42,Maecenas leo odio, condimentum id,
387,1570850875,209,38,Fusce consequat. Nulla nisl. Nunc nisl. Duis bibendum, felis sed interdum venenatis,
388,1586746610,224,48,Donec quis orci eget orci vehicula condimentum. Curabitur in libero ut massa volutpat convallis. Morbi odio odio, elementum eu,
389,1584947003,137,41,Phasellus in felis. Donec semper sapien a libero. Nam dui. Proin leo odio, porttitor id,
390,1561949013,208,11,Integer pede justo, lacinia eget,
391,1559025128,129,38,Praesent blandit. Nam nulla. Integer pede justo, lacinia eget,
392,1558044762,180,27,Lorem ipsum dolor sit amet, consectetuer adipiscing elit. Proin interdum mauris non ligula pellentesque ultrices. Phasellus id sapien in sapien iaculis congue. Vivamus metus arcu,
393,1566958164,35,10,Duis mattis egestas metus. Aenean fermentum. Donec ut mauris eget massa tempor convallis. Nulla neque libero, convallis eget,
394,1579057533,206,45,Vestibulum quam sapien, varius ut,
395,1559821818,305,31,Morbi vestibulum, velit id pretium iaculis,
396,1538686631,79,50,Donec diam neque, vestibulum eget,
397,1560504628,198,10,Proin risus. Praesent lectus. Vestibulum quam sapien, varius ut,
398,1535074338,359,26,Donec posuere metus vitae ipsum. Aliquam non mauris. Morbi non lectus. Aliquam sit amet diam in magna bibendum imperdiet. Nullam orci pede, venenatis non,
399,1554439239,366,49,Vestibulum ante ipsum primis in faucibus orci luctus et ultrices posuere cubilia Curae; Duis faucibus accumsan odio. Curabitur convallis. Duis consequat dui nec nisi volutpat eleifend. Donec ut dolor. Morbi vel lectus in quam fringilla rhoncus. Mauris enim leo, rhoncus sed,
400,1553739539,263,49,Vestibulum ante ipsum primis in faucibus orci luctus et ultrices posuere cubilia Curae; Donec pharetra, magna vestibulum aliquet ultrices,
401,1599920646,382,9,In hac habitasse platea dictumst. Etiam faucibus cursus urna. Ut tellus. Nulla ut erat id mauris vulputate elementum. Nullam varius. Nulla facilisi. Cras non velit nec nisi vulputate nonummy. Maecenas tincidunt lacus at velit. Vivamus vel nulla eget eros elementum pellentesque.,,
402,1543650589,239,26,Nulla ac enim. In tempor, turpis nec euismod scelerisque,
403,1596668713,150,21,Curabitur gravida nisi at nibh. In hac habitasse platea dictumst. Aliquam augue quam, sollicitudin vitae,
404,1566084749,176,7,Nunc nisl. Duis bibendum, felis sed interdum venenatis,
405,1569695921,359,34,Nulla ac enim. In tempor, turpis nec euismod scelerisque,
406,1580395684,373,35,Quisque porta volutpat erat. Quisque erat eros, viverra eget,
407,1607674771,218,38,Donec dapibus. Duis at velit eu est congue elementum. In hac habitasse platea dictumst. Morbi vestibulum, velit id pretium iaculis,
408,1599200105,278,49,Duis ac nibh. Fusce lacus purus, aliquet at,
409,1592656765,84,31,Maecenas tincidunt lacus at velit. Vivamus vel nulla eget eros elementum pellentesque. Quisque porta volutpat erat. Quisque erat eros, viverra eget,
410,1605259932,53,42,Nulla ac enim. In tempor, turpis nec euismod scelerisque,
411,1594979591,394,15,Vivamus metus arcu, adipiscing molestie,
412,1547819001,226,30,Mauris sit amet eros. Suspendisse accumsan tortor quis turpis. Sed ante. Vivamus tortor. Duis mattis egestas metus. Aenean fermentum. Donec ut mauris eget massa tempor convallis. Nulla neque libero, convallis eget,
413,1604973158,7,9,Etiam pretium iaculis justo. In hac habitasse platea dictumst. Etiam faucibus cursus urna.,,
414,1565749124,169,7,In quis justo. Maecenas rhoncus aliquam lacus. Morbi quis tortor id nulla ultrices aliquet. Maecenas leo odio, condimentum id,
415,1588241049,152,12,Integer pede justo, lacinia eget,
416,1596515766,324,32,Proin eu mi. Nulla ac enim.,,
417,1537640012,384,1,Integer a nibh. In quis justo. Maecenas rhoncus aliquam lacus. Morbi quis tortor id nulla ultrices aliquet. Maecenas leo odio, condimentum id,
418,1569262532,262,24,Morbi non lectus. Aliquam sit amet diam in magna bibendum imperdiet. Nullam orci pede, venenatis non,
419,1590028838,356,28,Mauris sit amet eros. Suspendisse accumsan tortor quis turpis. Sed ante. Vivamus tortor. Duis mattis egestas metus. Aenean fermentum. Donec ut mauris eget massa tempor convallis. Nulla neque libero, convallis eget,
420,1560223176,168,18,Pellentesque viverra pede ac diam. Cras pellentesque volutpat dui. Maecenas tristique, est et tempus semper,
421,1548135688,338,11,Integer a nibh. In quis justo. Maecenas rhoncus aliquam lacus. Morbi quis tortor id nulla ultrices aliquet. Maecenas leo odio, condimentum id,
422,1563244663,121,5,Maecenas ut massa quis augue luctus tincidunt. Nulla mollis molestie lorem. Quisque ut erat. Curabitur gravida nisi at nibh. In hac habitasse platea dictumst. Aliquam augue quam, sollicitudin vitae,
423,1575688276,74,23,Proin at turpis a pede posuere nonummy. Integer non velit. Donec diam neque, vestibulum eget,
424,1601033814,127,31,Cras non velit nec nisi vulputate nonummy. Maecenas tincidunt lacus at velit. Vivamus vel nulla eget eros elementum pellentesque. Quisque porta volutpat erat. Quisque erat eros, viverra eget,
425,1562681328,105,48,Phasellus in felis. Donec semper sapien a libero. Nam dui. Proin leo odio, porttitor id,
426,1574804932,238,21,Donec quis orci eget orci vehicula condimentum. Curabitur in libero ut massa volutpat convallis. Morbi odio odio, elementum eu,
428,1569670842,399,35,In hac habitasse platea dictumst. Morbi vestibulum, velit id pretium iaculis,
429,1549556063,322,12,Donec ut dolor. Morbi vel lectus in quam fringilla rhoncus. Mauris enim leo, rhoncus sed,
430,1571218492,252,3,Aliquam non mauris. Morbi non lectus. Aliquam sit amet diam in magna bibendum imperdiet. Nullam orci pede, venenatis non,
431,1568364802,375,44,Quisque erat eros, viverra eget,
432,1577342794,67,20,Aenean auctor gravida sem. Praesent id massa id nisl venenatis lacinia.,,
433,1561154731,244,19,In sagittis dui vel nisl. Duis ac nibh.,,
434,1592134138,155,13,Nulla neque libero, convallis eget,
435,1551170973,260,38,Nullam varius. Nulla facilisi. Cras non velit nec nisi vulputate nonummy. Maecenas tincidunt lacus at velit. Vivamus vel nulla eget eros elementum pellentesque. Quisque porta volutpat erat. Quisque erat eros, viverra eget,
436,1539064466,24,50,Nam congue, risus semper porta volutpat,
437,1557186527,321,32,Curabitur gravida nisi at nibh. In hac habitasse platea dictumst.,,
438,1606620449,185,43,Aliquam non mauris. Morbi non lectus. Aliquam sit amet diam in magna bibendum imperdiet. Nullam orci pede, venenatis non,
439,1564258792,142,2,Aliquam erat volutpat. In congue. Etiam justo. Etiam pretium iaculis justo. In hac habitasse platea dictumst. Etiam faucibus cursus urna. Ut tellus. Nulla ut erat id mauris vulputate elementum.,,
440,1552868451,4,30,Nulla tellus. In sagittis dui vel nisl. Duis ac nibh. Fusce lacus purus, aliquet at,
441,1588241492,302,18,Duis mattis egestas metus. Aenean fermentum. Donec ut mauris eget massa tempor convallis. Nulla neque libero, convallis eget,
442,1536043168,294,44,In hac habitasse platea dictumst. Maecenas ut massa quis augue luctus tincidunt. Nulla mollis molestie lorem. Quisque ut erat. Curabitur gravida nisi at nibh. In hac habitasse platea dictumst. Aliquam augue quam, sollicitudin vitae,
443,1574822993,64,24,Integer aliquet, massa id lobortis convallis,
444,1593134226,10,12,Duis aliquam convallis nunc. Proin at turpis a pede posuere nonummy. Integer non velit. Donec diam neque, vestibulum eget,
445,1556958190,269,20,Aliquam non mauris. Morbi non lectus. Aliquam sit amet diam in magna bibendum imperdiet.,,
446,1554159709,164,1,Aenean fermentum. Donec ut mauris eget massa tempor convallis. Nulla neque libero, convallis eget,
447,1567568413,181,31,Vestibulum ac est lacinia nisi venenatis tristique. Fusce congue, diam id ornare imperdiet,
448,1534497292,264,35,Suspendisse potenti. Cras in purus eu magna vulputate luctus. Cum sociis natoque penatibus et magnis dis parturient montes, nascetur ridiculus mus. Vivamus vestibulum sagittis sapien. Cum sociis natoque penatibus et magnis dis parturient montes,
449,1600897330,347,49,Sed accumsan felis. Ut at dolor quis odio consequat varius. Integer ac leo. Pellentesque ultrices mattis odio. Donec vitae nisi. Nam ultrices, libero non mattis pulvinar,
450,1604796625,249,3,Maecenas pulvinar lobortis est. Phasellus sit amet erat. Nulla tempus. Vivamus in felis eu sapien cursus vestibulum. Proin eu mi. Nulla ac enim. In tempor, turpis nec euismod scelerisque,
451,1585829594,114,44,Vestibulum ac est lacinia nisi venenatis tristique. Fusce congue, diam id ornare imperdiet,
452,1541223118,259,24,Sed ante. Vivamus tortor. Duis mattis egestas metus. Aenean fermentum.,,
454,1594625578,86,11,Praesent blandit. Nam nulla. Integer pede justo, lacinia eget,
455,1548250424,74,2,Suspendisse potenti. Nullam porttitor lacus at turpis. Donec posuere metus vitae ipsum. Aliquam non mauris. Morbi non lectus. Aliquam sit amet diam in magna bibendum imperdiet. Nullam orci pede, venenatis non,
456,1604609431,366,14,Cras pellentesque volutpat dui. Maecenas tristique, est et tempus semper,
458,1598754556,382,17,Maecenas pulvinar lobortis est. Phasellus sit amet erat. Nulla tempus. Vivamus in felis eu sapien cursus vestibulum. Proin eu mi. Nulla ac enim.,,
459,1572364564,303,1,Donec quis orci eget orci vehicula condimentum. Curabitur in libero ut massa volutpat convallis. Morbi odio odio, elementum eu,
460,1588688586,140,4,Proin interdum mauris non ligula pellentesque ultrices. Phasellus id sapien in sapien iaculis congue. Vivamus metus arcu, adipiscing molestie,
461,1593498596,368,23,Nulla tempus. Vivamus in felis eu sapien cursus vestibulum. Proin eu mi.,,
462,1546552397,359,10,Morbi non quam nec dui luctus rutrum. Nulla tellus. In sagittis dui vel nisl. Duis ac nibh. Fusce lacus purus, aliquet at,
463,1596749112,306,38,Vestibulum ante ipsum primis in faucibus orci luctus et ultrices posuere cubilia Curae; Donec pharetra, magna vestibulum aliquet ultrices,
464,1586009560,166,16,Quisque porta volutpat erat. Quisque erat eros, viverra eget,
465,1595514147,90,30,Proin interdum mauris non ligula pellentesque ultrices. Phasellus id sapien in sapien iaculis congue. Vivamus metus arcu, adipiscing molestie,
466,1604421015,347,5,Proin leo odio, porttitor id,
467,1545404584,79,8,Sed ante. Vivamus tortor. Duis mattis egestas metus.,,
468,1608145462,124,7,Cras non velit nec nisi vulputate nonummy. Maecenas tincidunt lacus at velit. Vivamus vel nulla eget eros elementum pellentesque. Quisque porta volutpat erat. Quisque erat eros, viverra eget,
469,1590474327,236,23,Maecenas ut massa quis augue luctus tincidunt. Nulla mollis molestie lorem. Quisque ut erat. Curabitur gravida nisi at nibh. In hac habitasse platea dictumst. Aliquam augue quam, sollicitudin vitae,
470,1551179396,167,35,Quisque id justo sit amet sapien dignissim vestibulum. Vestibulum ante ipsum primis in faucibus orci luctus et ultrices posuere cubilia Curae; Nulla dapibus dolor vel est. Donec odio justo, sollicitudin ut,
471,1575181240,224,22,Morbi non quam nec dui luctus rutrum. Nulla tellus. In sagittis dui vel nisl. Duis ac nibh. Fusce lacus purus, aliquet at,
472,1577339285,376,34,Nulla nisl. Nunc nisl. Duis bibendum, felis sed interdum venenatis,
473,1580245776,104,8,Ut at dolor quis odio consequat varius. Integer ac leo. Pellentesque ultrices mattis odio. Donec vitae nisi. Nam ultrices, libero non mattis pulvinar,
474,1553326448,73,26,Etiam faucibus cursus urna. Ut tellus. Nulla ut erat id mauris vulputate elementum. Nullam varius. Nulla facilisi. Cras non velit nec nisi vulputate nonummy. Maecenas tincidunt lacus at velit. Vivamus vel nulla eget eros elementum pellentesque. Quisque porta volutpat erat. Quisque erat eros, viverra eget,
475,1590602725,203,32,Nam congue, risus semper porta volutpat,
476,1538302759,128,40,Donec diam neque, vestibulum eget,
477,1565388632,227,45,Nulla justo. Aliquam quis turpis eget elit sodales scelerisque. Mauris sit amet eros. Suspendisse accumsan tortor quis turpis. Sed ante. Vivamus tortor. Duis mattis egestas metus. Aenean fermentum. Donec ut mauris eget massa tempor convallis. Nulla neque libero, convallis eget,
478,1599309116,85,49,Vestibulum sed magna at nunc commodo placerat. Praesent blandit. Nam nulla. Integer pede justo, lacinia eget,
479,1589783432,262,14,Aliquam erat volutpat. In congue. Etiam justo. Etiam pretium iaculis justo. In hac habitasse platea dictumst.,,
480,1581475649,361,2,Donec semper sapien a libero. Nam dui. Proin leo odio, porttitor id,
481,1534784043,333,4,Curabitur convallis. Duis consequat dui nec nisi volutpat eleifend. Donec ut dolor. Morbi vel lectus in quam fringilla rhoncus. Mauris enim leo, rhoncus sed,
483,1572391794,385,12,Vestibulum ante ipsum primis in faucibus orci luctus et ultrices posuere cubilia Curae; Donec pharetra, magna vestibulum aliquet ultrices,
484,1552893574,256,16,Donec odio justo, sollicitudin ut,
485,1579593716,99,24,Duis aliquam convallis nunc. Proin at turpis a pede posuere nonummy.,,
486,1569860278,239,8,Etiam vel augue. Vestibulum rutrum rutrum neque. Aenean auctor gravida sem. Praesent id massa id nisl venenatis lacinia. Aenean sit amet justo. Morbi ut odio. Cras mi pede, malesuada in,
487,1544642671,137,43,Suspendisse ornare consequat lectus. In est risus, auctor sed,
488,1560659423,235,43,Phasellus in felis. Donec semper sapien a libero. Nam dui. Proin leo odio, porttitor id,
489,1593805056,319,35,Curabitur convallis. Duis consequat dui nec nisi volutpat eleifend. Donec ut dolor. Morbi vel lectus in quam fringilla rhoncus. Mauris enim leo, rhoncus sed,
490,1582202547,202,26,Morbi sem mauris, laoreet ut,
491,1582225589,317,44,Duis aliquam convallis nunc. Proin at turpis a pede posuere nonummy. Integer non velit. Donec diam neque, vestibulum eget,
492,1597987939,297,16,Duis ac nibh. Fusce lacus purus, aliquet at,
493,1535120917,60,1,Fusce lacus purus, aliquet at,
494,1592332318,197,28,Donec quis orci eget orci vehicula condimentum. Curabitur in libero ut massa volutpat convallis. Morbi odio odio, elementum eu,
495,1551223544,279,16,Mauris lacinia sapien quis libero. Nullam sit amet turpis elementum ligula vehicula consequat. Morbi a ipsum. Integer a nibh.,,
496,1581805798,400,14,Etiam faucibus cursus urna. Ut tellus. Nulla ut erat id mauris vulputate elementum.,,
497,1555689306,293,33,Proin at turpis a pede posuere nonummy. Integer non velit. Donec diam neque, vestibulum eget,
498,1533397983,362,50,Nulla facilisi. Cras non velit nec nisi vulputate nonummy. Maecenas tincidunt lacus at velit. Vivamus vel nulla eget eros elementum pellentesque. Quisque porta volutpat erat. Quisque erat eros, viverra eget,
499,1600025541,166,36,Nulla ac enim. In tempor, turpis nec euismod scelerisque,
500,1586438253,202,13,Duis aliquam convallis nunc. Proin at turpis a pede posuere nonummy. Integer non velit.,,
